{
  "completed": [
    "субъекты_рф_(по_алфавиту)_владимирская_область_александров",
    "субъекты_рф_(по_алфавиту)_белгородская_область_александровка",
    "субъекты_рф_(по_алфавиту)_архангельская_область_архангельск",
    "субъекты_рф_(по_алфавиту)_астраханская_область_астрахань",
    "субъекты_рф_(по_алфавиту)_астраханская_область_ахтубинск",
    "субъекты_рф_(по_алфавиту)_республика_башкортостан_баймак",
    "субъекты_рф_(по_алфавиту)_московская_область_балашиха",
    "субъекты_рф_(по_алфавиту)_алтайский_край_барнаул",
    "субъекты_рф_(по_алфавиту)_белгородская_область_белгород",
    "субъекты_рф_(по_алфавиту)_республика_башкортостан_белебей",
    "субъекты_рф_(по_алфавиту)_амурская_область_белогорск",
    "субъекты_рф_(по_алфавиту)_алтайский_край_бийск",
    "субъекты_рф_(по_алфавиту)_республика_башкортостан_бирск",
    "субъекты_рф_(по_алфавиту)_белгородская_область_бирюч",
    "субъекты_рф_(по_алфавиту)_амурская_область_благовещенск",
    "субъекты_рф_(по_алфавиту)_республика_башкортостан_благовещенск",
    "субъекты_рф_(по_алфавиту)_белгородская_область_валуйки",
    "субъекты_рф_(по_алфавиту)_владимирская_область_владимир",
    "субъекты_рф_(по_алфавиту)_астраханская_область_володарский",
    "субъекты_рф_(по_алфавиту)_белгородская_область_волоконовка",
    "субъекты_рф_(по_алфавиту)_архангельская_область_вязники",
    "субъекты_рф_(по_алфавиту)_владимирская_область_вязники",
    "субъекты_рф_(по_алфавиту)_владимирская_область_гороховец",
    "субъекты_рф_(по_алфавиту)_белгородская_область_грайворон",
    "субъекты_рф_(по_алфавиту)_белгородская_область_губкин",
    "субъекты_рф_(по_алфавиту)_владимирская_область_гусь-хрустальный",
    "субъекты_рф_(по_алфавиту)_республика_башкортостан_давлеканово",
    "субъекты_рф_(по_алфавиту)_республика_башкортостан_дюртюли",
    "субъекты_рф_(по_алфавиту)_московская_область_жуковский",
    "субъекты_рф_(по_алфавиту)_алтайский_край_заринск",
    "субъекты_рф_(по_алфавиту)_астраханская_область_знаменск",
    "субъекты_рф_(по_алфавиту)_астраханская_область_икряное",
    "субъекты_рф_(по_алфавиту)_республика_башкортостан_ишимбай",
    "субъекты_рф_(по_алфавиту)_астраханская_область_камызяк",
    "субъекты_рф_(по_алфавиту)_владимирская_область_карабаново",
    "субъекты_рф_(по_алфавиту)_владимирская_область_киржач",
    "субъекты_рф_(по_алфавиту)_владимирская_область_ковров",
    "субъекты_рф_(по_алфавиту)_московская_область_коломна",
    "субъекты_рф_(по_алфавиту)_московская_область_королёв",
    "субъекты_рф_(по_алфавиту)_белгородская_область_короча",
    "субъекты_рф_(по_алфавиту)_архангельская_область_коряжма",
    "субъекты_рф_(по_алфавиту)_архангельская_область_котлас",
    "субъекты_рф_(по_алфавиту)_белгородская_область_красногвардейское",
    "субъекты_рф_(по_алфавиту)_астраханская_область_красный_яр",
    "субъекты_рф_(по_алфавиту)_республика_башкортостан_кумертау",
    "субъекты_рф_(по_алфавиту)_владимирская_область_лакинск",
    "субъекты_рф_(по_алфавиту)_астраханская_область_лиман",
    "субъекты_рф_(по_алфавиту)_московская_область_люберцы",
    "субъекты_рф_(по_алфавиту)_архангельская_область_мезень",
    "субъекты_рф_(по_алфавиту)_республика_башкортостан_мелеуз",
    "субъекты_рф_(по_алфавиту)_владимирская_область_мелехово",
    "субъекты_рф_(по_алфавиту)_архангельская_область_мирный",
    "субъекты_рф_(по_алфавиту)_владимирская_область_муром",
    "субъекты_рф_(по_алфавиту)_московская_область_мытищи",
    "субъекты_рф_(по_алфавиту)_астраханская_область_нариманов",
    "субъекты_рф_(по_алфавиту)_республика_башкортостан_нефтекамск",
    "субъекты_рф_(по_алфавиту)_алтайский_край_новоалтайск",
    "субъекты_рф_(по_алфавиту)_архангельская_область_новодвинск",
    "субъекты_рф_(по_алфавиту)_белгородская_область_новый_оскол",
    "субъекты_рф_(по_алфавиту)_московская_область_ногинск",
    "субъекты_рф_(по_алфавиту)_московская_область_одинцово",
    "субъекты_рф_(по_алфавиту)_республика_башкортостан_октябрьский",
    "субъекты_рф_(по_алфавиту)_архангельская_область_онега",
    "субъекты_рф_(по_алфавиту)_московская_область_орехово-зуево",
    "субъекты_рф_(по_алфавиту)_владимирская_область_петушки",
    "субъекты_рф_(по_алфавиту)_московская_область_подольск",
    "субъекты_рф_(по_алфавиту)_владимирская_область_покров",
    "субъекты_рф_(по_алфавиту)_московская_область_пушкино",
    "субъекты_рф_(по_алфавиту)_владимирская_область_радужный",
    "субъекты_рф_(по_алфавиту)_амурская_область_райчихинск",
    "субъекты_рф_(по_алфавиту)_белгородская_область_ракитное",
    "субъекты_рф_(по_алфавиту)_алтайский_край_рубцовск",
    "субъекты_рф_(по_алфавиту)_республика_башкортостан_салават",
    "субъекты_рф_(по_алфавиту)_амурская_область_свободный",
    "субъекты_рф_(по_алфавиту)_архангельская_область_северодвинск",
    "субъекты_рф_(по_алфавиту)_московская_область_серпухов",
    "субъекты_рф_(по_алфавиту)_белгородская_область_старый_оскол",
    "субъекты_рф_(по_алфавиту)_республика_башкортостан_стерлитамак",
    "субъекты_рф_(по_алфавиту)_владимирская_область_струнино",
    "субъекты_рф_(по_алфавиту)_республика_башкортостан_туймазы",
    "субъекты_рф_(по_алфавиту)_амурская_область_тында",
    "субъекты_рф_(по_алфавиту)_республика_башкортостан_уфа",
    "субъекты_рф_(по_алфавиту)_астраханская_область_харабали",
    "субъекты_рф_(по_алфавиту)_московская_область_химки",
    "субъекты_рф_(по_алфавиту)_белгородская_область_чернянка",
    "субъекты_рф_(по_алфавиту)_белгородская_область_шебекино",
    "субъекты_рф_(по_алфавиту)_архангельская_область_шенкурск",
    "субъекты_рф_(по_алфавиту)_московская_область_щёлково",
    "субъекты_рф_(по_алфавиту)_московская_область_электросталь",
    "субъекты_рф_(по_алфавиту)_белгородская_область_яковлево"
  ],
  "total_events": 450,
  "last_updated": "2025-11-30T08:18:15.651Z",
  "total_cities": 90
}